outer_fold,outer_test_participant,family,candidate_id,candidate_params,model_seed,inner_score,candidate_order,model_seed_stream,n_training_rows,training_prevalence,all_missing_features_refit
0,S2,majority,majority,"{""hard_label"": 0, ""n_training_rows"": 406, ""training_prevalence"": 0.3497536945812808}",,,,,,,
0,S2,logistic,"logistic:C=0.1,class_weight=None","{""C"": 0.1, ""class_weight"": null}",1718432981.0,0.8718747626642365,0.0,model_fit:logistic:S2,406.0,0.3497536945812808,[]
0,S2,random_forest,"random_forest:max_depth=3,min_samples_leaf=2,class_weight=balanced","{""class_weight"": ""balanced"", ""max_depth"": 3, ""min_samples_leaf"": 2}",17722509.0,0.8633610541505278,3.0,model_fit:random_forest:S2,406.0,0.3497536945812808,[]
0,S2,xgboost,"xgboost:max_depth=3,learning_rate=0.1,class_weight_mode=training_ratio","{""class_weight_mode"": ""training_ratio"", ""learning_rate"": 0.1, ""max_depth"": 3, ""scale_pos_weight"": 1.8591549295774648}",3417012603.0,0.8745139363560417,7.0,model_fit:xgboost:S2,406.0,0.3497536945812808,[]
1,S3,majority,majority,"{""hard_label"": 0, ""n_training_rows"": 406, ""training_prevalence"": 0.3497536945812808}",,,,,,,
1,S3,logistic,"logistic:C=0.1,class_weight=None","{""C"": 0.1, ""class_weight"": null}",584898430.0,0.8554207488418015,0.0,model_fit:logistic:S3,406.0,0.3497536945812808,[]
1,S3,random_forest,"random_forest:max_depth=3,min_samples_leaf=2,class_weight=balanced","{""class_weight"": ""balanced"", ""max_depth"": 3, ""min_samples_leaf"": 2}",2560600566.0,0.8541941976152503,3.0,model_fit:random_forest:S3,406.0,0.3497536945812808,[]
1,S3,xgboost,"xgboost:max_depth=3,learning_rate=0.03,class_weight_mode=training_ratio","{""class_weight_mode"": ""training_ratio"", ""learning_rate"": 0.03, ""max_depth"": 3, ""scale_pos_weight"": 1.8591549295774648}",1485804657.0,0.8538733196627933,5.0,model_fit:xgboost:S3,406.0,0.3497536945812808,[]
2,S4,majority,majority,"{""hard_label"": 0, ""n_training_rows"": 406, ""training_prevalence"": 0.3522167487684729}",,,,,,,
2,S4,logistic,"logistic:C=0.1,class_weight=balanced","{""C"": 0.1, ""class_weight"": ""balanced""}",4210449015.0,0.8098294979873927,1.0,model_fit:logistic:S4,406.0,0.3522167487684729,[]
2,S4,random_forest,"random_forest:max_depth=6,min_samples_leaf=2,class_weight=balanced","{""class_weight"": ""balanced"", ""max_depth"": 6, ""min_samples_leaf"": 2}",3030191156.0,0.8626300599984811,7.0,model_fit:random_forest:S4,406.0,0.3522167487684729,[]
2,S4,xgboost,"xgboost:max_depth=3,learning_rate=0.1,class_weight_mode=none","{""class_weight_mode"": ""none"", ""learning_rate"": 0.1, ""max_depth"": 3, ""scale_pos_weight"": 1.0}",3346531493.0,0.8674565200880989,6.0,model_fit:xgboost:S4,406.0,0.3522167487684729,[]
3,S5,majority,majority,"{""hard_label"": 0, ""n_training_rows"": 406, ""training_prevalence"": 0.3522167487684729}",,,,,,,
3,S5,logistic,"logistic:C=0.1,class_weight=None","{""C"": 0.1, ""class_weight"": null}",3987203998.0,0.8819947596263387,0.0,model_fit:logistic:S5,406.0,0.3522167487684729,[]
3,S5,random_forest,"random_forest:max_depth=6,min_samples_leaf=2,class_weight=balanced","{""class_weight"": ""balanced"", ""max_depth"": 6, ""min_samples_leaf"": 2}",3592787348.0,0.8950444292549556,7.0,model_fit:random_forest:S5,406.0,0.3522167487684729,[]
3,S5,xgboost,"xgboost:max_depth=2,learning_rate=0.1,class_weight_mode=training_ratio","{""class_weight_mode"": ""training_ratio"", ""learning_rate"": 0.1, ""max_depth"": 2, ""scale_pos_weight"": 1.8391608391608392}",1329148239.0,0.9017828662565505,3.0,model_fit:xgboost:S5,406.0,0.3522167487684729,[]
4,S6,majority,majority,"{""hard_label"": 0, ""n_training_rows"": 405, ""training_prevalence"": 0.3506172839506173}",,,,,,,
4,S6,logistic,"logistic:C=0.1,class_weight=None","{""C"": 0.1, ""class_weight"": null}",1535795075.0,0.8626756284651022,0.0,model_fit:logistic:S6,405.0,0.3506172839506173,[]
4,S6,random_forest,"random_forest:max_depth=6,min_samples_leaf=2,class_weight=balanced","{""class_weight"": ""balanced"", ""max_depth"": 6, ""min_samples_leaf"": 2}",280136610.0,0.8498462064251538,7.0,model_fit:random_forest:S6,405.0,0.3506172839506173,[]
4,S6,xgboost,"xgboost:max_depth=3,learning_rate=0.1,class_weight_mode=training_ratio","{""class_weight_mode"": ""training_ratio"", ""learning_rate"": 0.1, ""max_depth"": 3, ""scale_pos_weight"": 1.852112676056338}",1179817230.0,0.8565428723323459,7.0,model_fit:xgboost:S6,405.0,0.3506172839506173,[]
5,S7,majority,majority,"{""hard_label"": 0, ""n_training_rows"": 405, ""training_prevalence"": 0.3506172839506173}",,,,,,,
5,S7,logistic,"logistic:C=0.1,class_weight=None","{""C"": 0.1, ""class_weight"": null}",356452045.0,0.8604541657173236,0.0,model_fit:logistic:S7,405.0,0.3506172839506173,[]
5,S7,random_forest,"random_forest:max_depth=6,min_samples_leaf=2,class_weight=None","{""class_weight"": null, ""max_depth"": 6, ""min_samples_leaf"": 2}",1801225816.0,0.8482304245462141,6.0,model_fit:random_forest:S7,405.0,0.3506172839506173,[]
5,S7,xgboost,"xgboost:max_depth=2,learning_rate=0.1,class_weight_mode=training_ratio","{""class_weight_mode"": ""training_ratio"", ""learning_rate"": 0.1, ""max_depth"": 2, ""scale_pos_weight"": 1.852112676056338}",4195422616.0,0.916286929444824,3.0,model_fit:xgboost:S7,405.0,0.3506172839506173,[]
6,S8,majority,majority,"{""hard_label"": 0, ""n_training_rows"": 404, ""training_prevalence"": 0.349009900990099}",,,,,,,
6,S8,logistic,"logistic:C=0.1,class_weight=None","{""C"": 0.1, ""class_weight"": null}",1689955971.0,0.8709557985873776,0.0,model_fit:logistic:S8,404.0,0.349009900990099,[]
6,S8,random_forest,"random_forest:max_depth=6,min_samples_leaf=2,class_weight=balanced","{""class_weight"": ""balanced"", ""max_depth"": 6, ""min_samples_leaf"": 2}",743915531.0,0.840776182881446,7.0,model_fit:random_forest:S8,404.0,0.349009900990099,[]
6,S8,xgboost,"xgboost:max_depth=2,learning_rate=0.1,class_weight_mode=training_ratio","{""class_weight_mode"": ""training_ratio"", ""learning_rate"": 0.1, ""max_depth"": 2, ""scale_pos_weight"": 1.8652482269503545}",1819664754.0,0.8646008961798436,3.0,model_fit:xgboost:S8,404.0,0.349009900990099,[]
7,S9,majority,majority,"{""hard_label"": 0, ""n_training_rows"": 407, ""training_prevalence"": 0.35135135135135137}",,,,,,,
7,S9,logistic,"logistic:C=1.0,class_weight=None","{""C"": 1.0, ""class_weight"": null}",3989475036.0,0.8150299992405255,2.0,model_fit:logistic:S9,407.0,0.35135135135135137,[]
7,S9,random_forest,"random_forest:max_depth=6,min_samples_leaf=2,class_weight=balanced","{""class_weight"": ""balanced"", ""max_depth"": 6, ""min_samples_leaf"": 2}",4039612312.0,0.8561479456216299,7.0,model_fit:random_forest:S9,407.0,0.35135135135135137,[]
7,S9,xgboost,"xgboost:max_depth=2,learning_rate=0.1,class_weight_mode=training_ratio","{""class_weight_mode"": ""training_ratio"", ""learning_rate"": 0.1, ""max_depth"": 2, ""scale_pos_weight"": 1.8461538461538463}",1319522643.0,0.849455077086656,3.0,model_fit:xgboost:S9,407.0,0.35135135135135137,[]
8,S10,majority,majority,"{""hard_label"": 0, ""n_training_rows"": 404, ""training_prevalence"": 0.349009900990099}",,,,,,,
8,S10,logistic,"logistic:C=0.1,class_weight=None","{""C"": 0.1, ""class_weight"": null}",1663070888.0,0.827878408141566,0.0,model_fit:logistic:S10,404.0,0.349009900990099,[]
8,S10,random_forest,"random_forest:max_depth=6,min_samples_leaf=2,class_weight=balanced","{""class_weight"": ""balanced"", ""max_depth"": 6, ""min_samples_leaf"": 2}",3176160570.0,0.8448146882357408,7.0,model_fit:random_forest:S10,404.0,0.349009900990099,[]
8,S10,xgboost,"xgboost:max_depth=2,learning_rate=0.1,class_weight_mode=none","{""class_weight_mode"": ""none"", ""learning_rate"": 0.1, ""max_depth"": 2, ""scale_pos_weight"": 1.0}",358943171.0,0.8697729171413382,2.0,model_fit:xgboost:S10,404.0,0.349009900990099,[]
9,S11,majority,majority,"{""hard_label"": 0, ""n_training_rows"": 404, ""training_prevalence"": 0.349009900990099}",,,,,,,
9,S11,logistic,"logistic:C=0.1,class_weight=balanced","{""C"": 0.1, ""class_weight"": ""balanced""}",1491110684.0,0.8659033948507633,1.0,model_fit:logistic:S11,404.0,0.349009900990099,[]
9,S11,random_forest,"random_forest:max_depth=6,min_samples_leaf=2,class_weight=balanced","{""class_weight"": ""balanced"", ""max_depth"": 6, ""min_samples_leaf"": 2}",2291792244.0,0.8014069264069265,7.0,model_fit:random_forest:S11,404.0,0.349009900990099,[]
9,S11,xgboost,"xgboost:max_depth=3,learning_rate=0.1,class_weight_mode=training_ratio","{""class_weight_mode"": ""training_ratio"", ""learning_rate"": 0.1, ""max_depth"": 3, ""scale_pos_weight"": 1.8652482269503545}",720958979.0,0.8528803068276752,7.0,model_fit:xgboost:S11,404.0,0.349009900990099,[]
10,S13,majority,majority,"{""hard_label"": 0, ""n_training_rows"": 405, ""training_prevalence"": 0.3506172839506173}",,,,,,,
10,S13,logistic,"logistic:C=0.1,class_weight=balanced","{""C"": 0.1, ""class_weight"": ""balanced""}",603744552.0,0.8676672742462216,1.0,model_fit:logistic:S13,405.0,0.3506172839506173,[]
10,S13,random_forest,"random_forest:max_depth=6,min_samples_leaf=2,class_weight=balanced","{""class_weight"": ""balanced"", ""max_depth"": 6, ""min_samples_leaf"": 2}",3878918944.0,0.8467912204754311,7.0,model_fit:random_forest:S13,405.0,0.3506172839506173,[]
10,S13,xgboost,"xgboost:max_depth=2,learning_rate=0.1,class_weight_mode=none","{""class_weight_mode"": ""none"", ""learning_rate"": 0.1, ""max_depth"": 2, ""scale_pos_weight"": 1.0}",3620697750.0,0.854477101845523,2.0,model_fit:xgboost:S13,405.0,0.3506172839506173,[]
11,S14,majority,majority,"{""hard_label"": 0, ""n_training_rows"": 405, ""training_prevalence"": 0.3506172839506173}",,,,,,,
11,S14,logistic,"logistic:C=1.0,class_weight=balanced","{""C"": 1.0, ""class_weight"": ""balanced""}",4139403392.0,0.8385091516670463,3.0,model_fit:logistic:S14,405.0,0.3506172839506173,[]
11,S14,random_forest,"random_forest:max_depth=6,min_samples_leaf=5,class_weight=balanced","{""class_weight"": ""balanced"", ""max_depth"": 6, ""min_samples_leaf"": 5}",3698407731.0,0.7980937191463509,5.0,model_fit:random_forest:S14,405.0,0.3506172839506173,[]
11,S14,xgboost,"xgboost:max_depth=2,learning_rate=0.1,class_weight_mode=none","{""class_weight_mode"": ""none"", ""learning_rate"": 0.1, ""max_depth"": 2, ""scale_pos_weight"": 1.0}",2313631943.0,0.856470722260196,2.0,model_fit:xgboost:S14,405.0,0.3506172839506173,[]
12,S15,majority,majority,"{""hard_label"": 0, ""n_training_rows"": 404, ""training_prevalence"": 0.349009900990099}",,,,,,,
12,S15,logistic,"logistic:C=0.1,class_weight=balanced","{""C"": 0.1, ""class_weight"": ""balanced""}",2664414464.0,0.8576289207868155,1.0,model_fit:logistic:S15,404.0,0.349009900990099,[]
12,S15,random_forest,"random_forest:max_depth=6,min_samples_leaf=2,class_weight=None","{""class_weight"": null, ""max_depth"": 6, ""min_samples_leaf"": 2}",1483585853.0,0.8806353003721424,6.0,model_fit:random_forest:S15,404.0,0.349009900990099,[]
12,S15,xgboost,"xgboost:max_depth=3,learning_rate=0.1,class_weight_mode=training_ratio","{""class_weight_mode"": ""training_ratio"", ""learning_rate"": 0.1, ""max_depth"": 3, ""scale_pos_weight"": 1.8652482269503545}",2579709283.0,0.8997949419002049,7.0,model_fit:xgboost:S15,404.0,0.349009900990099,[]
13,S16,majority,majority,"{""hard_label"": 0, ""n_training_rows"": 405, ""training_prevalence"": 0.3506172839506173}",,,,,,,
13,S16,logistic,"logistic:C=0.1,class_weight=None","{""C"": 0.1, ""class_weight"": null}",450983658.0,0.8626813245234298,0.0,model_fit:logistic:S16,405.0,0.3506172839506173,[]
13,S16,random_forest,"random_forest:max_depth=6,min_samples_leaf=2,class_weight=None","{""class_weight"": null, ""max_depth"": 6, ""min_samples_leaf"": 2}",3894038675.0,0.8763005999848105,6.0,model_fit:random_forest:S16,405.0,0.3506172839506173,[]
13,S16,xgboost,"xgboost:max_depth=3,learning_rate=0.1,class_weight_mode=none","{""class_weight_mode"": ""none"", ""learning_rate"": 0.1, ""max_depth"": 3, ""scale_pos_weight"": 1.0}",1496962331.0,0.8759968102073366,6.0,model_fit:xgboost:S16,405.0,0.3506172839506173,[]
14,S17,majority,majority,"{""hard_label"": 0, ""n_training_rows"": 404, ""training_prevalence"": 0.349009900990099}",,,,,,,
14,S17,logistic,"logistic:C=0.1,class_weight=balanced","{""C"": 0.1, ""class_weight"": ""balanced""}",2415695120.0,0.8867300827827144,1.0,model_fit:logistic:S17,404.0,0.349009900990099,[]
14,S17,random_forest,"random_forest:max_depth=6,min_samples_leaf=2,class_weight=balanced","{""class_weight"": ""balanced"", ""max_depth"": 6, ""min_samples_leaf"": 2}",3919448548.0,0.8685064935064934,7.0,model_fit:random_forest:S17,404.0,0.349009900990099,[]
14,S17,xgboost,"xgboost:max_depth=2,learning_rate=0.1,class_weight_mode=training_ratio","{""class_weight_mode"": ""training_ratio"", ""learning_rate"": 0.1, ""max_depth"": 2, ""scale_pos_weight"": 1.8652482269503545}",572173500.0,0.8776448697501328,3.0,model_fit:xgboost:S17,404.0,0.349009900990099,[]
